<keymap version="1" name="pc2" parent="Mac OS X 10.5+">
  <action id=":cursive.actions.paredit/backward">
    <keyboard-shortcut first-keystroke="alt left" />
  </action>
  <action id=":cursive.actions.paredit/forward">
    <keyboard-shortcut first-keystroke="alt right" />
  </action>
  <action id="Back">
    <mouse-shortcut keystroke="button4" />
    <keyboard-shortcut first-keystroke="meta left" />
  </action>
  <action id="ChooseRunConfiguration">
    <keyboard-shortcut first-keystroke="ctrl alt r" />
    <keyboard-shortcut first-keystroke="shift meta r" />
  </action>
  <action id="CompareTwoFiles" />
  <action id="Console.Execute.Multiline" />
  <action id="Console.SplitLine" />
  <action id="Diff.ShowDiff" />
  <action id="DirDiffMenu.SynchronizeDiff.All" />
  <action id="EditorDuplicate" />
  <action id="EditorLineEnd">
    <keyboard-shortcut first-keystroke="end" />
    <keyboard-shortcut first-keystroke="ctrl e" />
  </action>
  <action id="EditorLineStart">
    <keyboard-shortcut first-keystroke="home" />
    <keyboard-shortcut first-keystroke="ctrl a" />
  </action>
  <action id="EditorSplitLine" />
  <action id="FileChooser.GotoDesktop" />
  <action id="Forward">
    <mouse-shortcut keystroke="button5" />
    <keyboard-shortcut first-keystroke="meta right" />
  </action>
  <action id="GitLab.Merge.Request.List.Refresh" />
  <action id="GitLab.Merge.Request.Refresh" />
  <action id="Github.PullRequest.Comments.Reload" />
  <action id="Github.PullRequest.Details.Reload" />
  <action id="GotoDeclaration">
    <mouse-shortcut keystroke="Force touch" />
    <mouse-shortcut keystroke="button2" />
    <keyboard-shortcut first-keystroke="meta d" />
  </action>
  <action id="GotoTest">
    <keyboard-shortcut first-keystroke="shift meta t" />
    <keyboard-shortcut first-keystroke="meta t" />
  </action>
  <action id="GuiDesigner.Duplicate" />
  <action id="KotlinShellExecute" />
  <action id="NavBar-selectHome">
    <keyboard-shortcut first-keystroke="home" />
    <keyboard-shortcut first-keystroke="ctrl a" />
  </action>
  <action id="Refresh" />
  <action id="Replace" />
  <action id="ReplaceInPath" />
  <action id="Rerun" />
  <action id="Run">
    <keyboard-shortcut first-keystroke="ctrl r" />
    <keyboard-shortcut first-keystroke="meta r" />
  </action>
  <action id="RunDashboard.CopyConfiguration" />
  <action id="Scala.ShowImplicits">
    <keyboard-shortcut first-keystroke="shift ctrl alt equals" />
    <keyboard-shortcut first-keystroke="shift ctrl alt add" />
  </action>
  <action id="SendEOF" />
  <action id="SplitChooser.Duplicate" />
  <action id="Svn.RefreshWorkingCopies" />
  <action id="Terminal.NewTab" />
  <action id="Terminal.SmartCommandExecution.Debug" />
  <action id="Terminal.SmartCommandExecution.Run" />
  <action id="Vcs.Log.Refresh" />
  <action id="Vcs.UpdateProject" />
  <action id="ViewSource" />
  <action id="XDebugger.CopyWatch" />
  <action id="android.device.rotate.right" />
  <action id="copilot.disposeInlays" />
</keymap>